label,loop_rmsd,loop_rmsd
,mean,std
mut_mnah,0.7485852907417476,0.08048741913679686
wt_mnah,0.9381727113319269,0.12624149011968494
wt_nadh,0.7461720388412311,0.10508349128233824
